"1010199079928791041","Iceland"
"1010199075558338561","second"
"1010199005731737601","Russia"
"1010199005731737601","Brazil"
"1010199005731737601","Costa Rica"
"1010198934151626752","Iceland"
"1010198934151626752","Nigeria"
"1010198934151626752","FIFA"
"1010198934151626752","Ahmed Musa"
"1010198934151626752","India"
"1010198767621074944","Mueller"
"1010198767621074944","Russia"
"1010198767621074944","Christopher Steele"
"1010198753859555328","FIFA"
"1010198602180775936","goalkeeper"
"1010198602180775936","Egyptian"
"1010198602180775936","FIFA"
"1010198601346240512","Neymar"
"1010198601346240512","Brazil"
"1010198601346240512","Costa Rica"
"1010198601346240512","Coutinho"
"1010198557213777920","Argentina-Croatia"
"1010198557213777920","Telemundo"
"1010198557213777920","FIFA World Cup Russia"
"1010198491237212161","Mueller"
"1010198491237212161","Russia"
"1010198491237212161","Christopher Steele"
"1010198488913620992","Mueller"
"1010198488913620992","Russia"
"1010198488913620992","Christopher Steele"
"1010198479866605568","Russia"
"1010198479866605568","Ronaldo"
"1010198479866605568","Pele"
"1010198479866605568","Maradona"
"1010198479866605568","Messi"
"1010198378834038784","Ahmed Musa"
"1010198368197464070","Serbia"
"1010198368197464070","Brazil"
"1010198368197464070","Costa Rica"
"1010198368197464070","Switzerland"
"1010198366830125057","Mueller"
"1010198366830125057","Russia"
"1010198366830125057","Christopher Steele"
"1010198358517075969","FIFA"
"1010198303915565063","Nintendo"
"1010198303915565063","FIFA"
"1010198301331902466","FIFA"
"1010198284152070145","investment analyst"
"1010198284152070145","Chris Eddy"
"1010198267433504768","Russia"
"1010198267433504768","France"
"1010198267433504768","Peru"
"1010198264631750656","Serbia"
"1010198264631750656","FIFA"
"1010198264631750656","Switzerland"
"1010198230523568129","Italian"
"1010198230523568129","Painter"
"1010198230523568129","FIFA"
"1010198227734487042","Fox"
"1010198227734487042","FIFA"
"1010198227734487042","La"
"1010198225997856768","FIFA"
"1010198225997856768","Indian"
"1010198170809217025","Argentina"
"1010198162479435776","Ghana"
"1010198162479435776","GFA"
"1010198162479435776","FIFA"
"1010198150311743494","Brazil"
"1010198150311743494","Costa Rica"
"1010198080468279296","Russia"
"1010198080468279296","Nigeria"
"1010198080468279296","Iceland"
"1010198077779660800","Brazil"
"1010198077779660800","Costa Rica"
"1010198032657387523","FIFA"
"1010198016358141952","Australia"
"1010198016358141952","Denmark"
"1010197988084518918","Mueller"
"1010197988084518918","Russia"
"1010197988084518918","Christopher Steele"
"1010197797008633856","Volgograd"
"1010197777962405890","Russia"
"1010197777962405890","FIFA"
"1010197745913643008","Naples"
"1010197745913643008","Fort Myers"
"1010197745913643008","Bonita Springs"
"1010197745913643008","Cape Coral"
"1010197743598370817","France"
"1010197743598370817","Peru"
"1010197743598370817","FIFA"
"1010197719309324293","FIFA"
"1010197719309324293","referee"
"1010197636345991172","FIFA World Cup & Order This Amazing Gadget"
"1010197636345991172","Speaker"
"1010197636345991172","Telemart"
"1010197594037989378","Rurik Gislason"
"1010197594037989378","his"
"1010197594037989378","Iceland"
"1010197559271395328","FIFA World"
"1010197556704530433","sports minister"
"1010197556704530433","Beoutq"
"1010197556704530433","FIFA World Cup"
"1010197556704530433","UEFA"
"1010197556704530433","pirate"
"1010197556704530433","Saudi Arabia"
"1010197544922644481","FIFA World Cup"
"1010197544922644481","Russia"
"1010197544922644481","Panama"
"1010197544922644481","British"
"1010197503289933824","Nigeria"
"1010197503289933824","Musa"
"1010197503289933824","Iceland"
"1010197489553584128","Russia"
"1010197489553584128","Brazil"
"1010197489553584128","Costa Rica"
"1010197475821580288","Russia"
"1010197475821580288","FIFA"
"1010197472021491712","NFIFA"
"1010197472021491712","Iceland"
"1010197428010606592","Gislason"
"1010197428010606592","his"
"1010197412005068800","Brazil"
"1010197412005068800","Costa Rica"
"1010197410788732928","Messi"
"1010197410788732928","Salah"
"1010197410788732928","Neymar"
"1010197405935886337","Brazil"
"1010197405935886337","Maradona"
"1010197397035552770","FIFA"
"1010197397035552770","Indian"
"1010197394103758848","Germany"
"1010197394103758848","Sweden"
"1010197391381704705","Brazil"
"1010197391381704705","Costa Rica"
"1010197388693159936","Messi"
"1010197386080075776","Brazil"
"1010197386080075776","Costa Rica"
"1010197386080075776","FIFA"
"1010197384666574848","Nigeria"
"1010197384666574848","Iceland"
"1010197287094669312","FIFA World Cup Russia"
"1010197287094669312","Nigeria"
"1010197287094669312","Iceland"
"1010197273811275776","Ahmed Musa"
"1010197273811275776","Nnigeria"
"1010197273811275776","Nigeria"
"1010197273085710337","Russia"
"1010197273085710337","Brazil"
"1010197273085710337","Costa Rica"
"1010197260293025793","Russia"
"1010197260293025793","Brazil"
"1010197260293025793","Costa Rica"
"1010197239774445568","Brazil"
"1010197239774445568","Costa Rica"
"1010197202394845185","FIFA"
"1010197193372758022","Sverrir Ingason"
"1010197193372758022","Ragnar Sigurdsson"
"1010197138750533632","Victor Moses"
"1010197138750533632","Nigeria"
"1010197138750533632","his"
"1010197036371709952","Serbia"
"1010197036371709952","Brazil"
"1010197036371709952","Iceland"
"1010197036371709952","Nigeria"
"1010197036371709952","Costa Rica"
"1010197036371709952","Switzerland"
"1010197036371709952","FIFA"
"1010197027031011328","Russia"
"1010197027031011328","Brazil"
"1010197027031011328","Costa Rica"
"1010196967836676096","Maradona"
"1010196927571521537","Russia"
"1010196927571521537","Brazil"
"1010196927571521537","Costa Rica"
"1010196918616522752","Neymar"
"1010196886526070784","FIFA"
"1010196886526070784","NHERE"
"1010196842485723136","Coutinho"
"1010196842485723136","Brazil"
"1010196842485723136","coach"
"1010196842485723136","fall"
"1010196800022700032","FIFA World Cup Group E."
"1010196800022700032","Brazil"
"1010196800022700032","Bjorn Kuipers"
"1010196800022700032","referee"
"1010196763163021312","FIFA"
"1010196757232447489","Captain"
"1010196757232447489","Cristiano Ronaldo"
"1010196757232447489","Portugal"
"1010196703792848898","Russia"
"1010196703792848898","Brazil"
"1010196703792848898","Costa Rica"
"1010196663946956806","FIFA World Cup"
"1010196663946956806","Russia"
"1010196663946956806","Nigeria"
"1010196663946956806","Iceland"
"1010196603796369408","FIFA World Cup & Game"
"1010196556182687744","Tunisia"
"1010196556182687744","Russia"
"1010196556182687744","England"
"1010196518953988097","Nigeria"
"1010196518953988097","Iceland"
"1010196372711202821","Bafana Bafana"
"1010196372711202821","coach"
"1010196372711202821","Asia"
"1010196372711202821","FIFA"
"1010196372711202821","Africa"
"1010196351261560834","Morocco"
"1010196351261560834","header"
"1010196351261560834","Cristiano Ronaldo"
"1010196351261560834","Portugal"
"1010196277877989376","FIFA"
"1010196258059939845","Iceland - Musa"
"1010196258059939845","Nigeria"
"1010196254867927040","Russia"
"1010196254867927040","Croatia"
"1010196254867927040","Argentina"
"1010196250686296064","Russia"
"1010196250686296064","Panama"
"1010196250686296064","Belgium"
"1010196250686296064","FIFA"
"1010196183007064064","Russia"
"1010196183007064064","Brazil"
"1010196183007064064","Costa Rica"
"1010196142330609666","FIFA"
"1010196127868772352","FIFA"
"1010196111527587840","FIFA"
"1010196111527587840","Nigeria"
"1010196111527587840","Iceland"
"1010196099683012609","FIFA"
"1010196030355329024","FIFA"
"1010196030355329024","McDonald"
"1010196028853833730","Russia"
"1010196028853833730","Brazil"
"1010196028853833730","Costa Rica"
"1010196027582963712","Russia"
"1010196027582963712","Brazil"
"1010196027582963712","Costa Rica"
"1010196004816244736","FIFA"
"1010196004816244736","Nigeria"
"1010196004816244736","Iceland"
"1010195903012130816","Nigeria"
"1010195903012130816","Musa"
"1010195902315794438","Russia"
"1010195902315794438","Brazil"
"1010195902315794438","Costa Rica"
"1010195845700972544","FIFA"
"1010195835731079168","Iceland"
"1010195824444227584","Chinese"
"1010195698170630144","Russia"
"1010195698170630144","Iceland"
"1010195698170630144","Nigeria"
"1010195698170630144","FIFA"
"1010195698170630144","Ahmed Musa"
"1010195647885176832","Spain"
"1010195647885176832","Portugal"
"1010195609062699009","Nigeria"
"1010195609062699009","Musa"
"1010195589747757056","Russia"
"1010195589747757056","Mexico"
"1010195589747757056","Korea"
"1010195589747757056","FIFA"
"1010195589747757056","Republic"
"1010195565014081537","Russia"
"1010195565014081537","Brazil"
"1010195565014081537","Switzerland"
"1010195543690235905","He"
"1010195543690235905","his"
"1010195519996645378","Adidas"
"1010195477915209729","FIFA RUSSIA"
"1010195477915209729","Ahmed Musa"
"1010195477915209729","Iceland"
"1010195295412588545","Russia"
"1010195295412588545","Putin"
"1010195295412588545","FIFA"
"1010195198469595136","Blackburn Rovers"
"1010195198469595136","New Post"
"1010195198469595136","Elliott Bennett"
"1010195198469595136","FIFA"
"1010195042600914948","Nigeria"
"1010195042600914948","Russia"
"1010195042600914948","FIFA"
"1010195042600914948","Iceland"
"1010195026465447937","FIFA"
"1010194981439623168","Russia"
"1010194981439623168","FIFA"
"1010194958161235968","Russia"
"1010194958161235968","Nigeria"
"1010194958161235968","Iceland"
"1010194953199390721","Halldorsson"
"1010194953199390721","Ndidi"
"1010194945288822784","Wilfred NDIDI"
"1010194911776342016","Argentina"
"1010194911776342016","Croatia"
"1010194901340848129","Wilfred Ndidi"
"1010194901340848129","Iceland"
"1010194875634118661","FIFA"
"1010194875634118661","Ahmed Musa"
"1010194875634118661","Nigeria"
"1010194831782670338","FIFA"
"1010194790300966913","FIFA"
"1010194771695079424","Russia"
"1010194741949091840","Russia"
"1010194741949091840","FIFA"
"1010194741949091840","sticker"
"1010194716665655296","Musa"
"1010194716665655296","Iceland"
"1010194711657795585","Neymar"
"1010194711657795585","Brazil"
"1010194711657795585","Costa Rica"
"1010194711657795585","FIFA"
"1010194710336503810","FIFA"
"1010194650332884992","Russia"
"1010194650332884992","FIFA"
"1010194636189700096","FIFA"
"1010194636189700096","Ahmed Musa"
"1010194636189700096","Nigeria"
"1010194594150146048","Russia"
"1010194594150146048","Denmark"
"1010194594150146048","Australia"
"1010194484385247233","FIFA"
"1010194453674512384","Messi"
"1010194380911591424","FIFA"
"1010194380911591424","Russia"
"1010194380911591424","Nigeria"
"1010194306018181120","Russian"
"1010194306018181120","LGBT Sport Federation"
"1010194306018181120","FIFA"
"1010194306018181120","President"
"1010194306018181120","Alexander Agapov"
"1010194306018181120","his"
"1010194238108299265","FIFA World Cup"
"1010194238108299265","American Airlines"
"1010194222719340545","Russia"
"1010194222719340545","Australia"
"1010194222719340545","Denmark"
"1010194172874289154","Russia"
"1010194172874289154","Brazil"
"1010194172874289154","Costa Rica"
"1010194105513795584","FIFA"
"1010194058717753344","Ahmed Musa"
"1010194058717753344","attack"
"1010194028737024002","FIFA"
"1010194028737024002","Ahmed Musa"
"1010194028737024002","Nigeria"
"1010194020105183232","Poland"
"1010194020105183232","Senegal"
"1010194002539307008","Croatia"
"1010194002539307008","FIFA"
"1010194002539307008","Messi"
"1010193988559630337","Australia"
"1010193988559630337","Denmark"
"1010193975033171969","Sampaoli"
"1010193975033171969","coach"
"1010193975033171969","FIFA"
"1010193975033171969","Messi"
"1010193934692356097","reporter"
"1010193934692356097","FIFA World Cup"
"1010193934507601920","Brazil"
"1010193934507601920","Costa Rica"
"1010193934507601920","FIFA"
"1010193913418866689","Ahmed Musa"
"1010193913418866689","RUSSIA"
"1010193913418866689","Iceland"
"1010193907106234369","Ahmed Musa"
"1010193907106234369","Nigeria"
"1010193907106234369","Iceland"
"1010193905319440389","Ronaldo"
"1010193905319440389","Captain"
"1010193905319440389","Portugal"
"1010193905319440389","Messi"
"1010193837212385281","FIFA"
"1010193837212385281","Nigeria"
"1010193837212385281","Iceland"
"1010193834662244352","Bjarnason"
"1010193834662244352","his"
"1010193782992769024","FIFA World Cup, Group Stage"
"1010193782992769024","Nigeria"
"1010193782992769024","Iceland"
"1010193761941573633","Russia"
"1010193761941573633","Brazil"
"1010193761941573633","Costa Rica"
"1010193680949567494","Issa"
"1010193680949567494","FIFA"
"1010193664742584320","FIFA"
"1010193664742584320","Indian"
"1010193574422433792","Nigeria"
"1010193574422433792","Nahmed Musa"
"1010193574422433792","Iceland"
"1010193568244301826","FIFA"
"1010193568244301826","Ahmed Musa Great Volley"
"1010193568244301826","Iceland"
